Groupe d'aliments,Famille,Substance,Contribution_MB
Pain et panification sèche,Contaminants inorganiques et minéraux,Arsenic,5
Céréales pour petit déjeuner,Contaminants inorganiques et minéraux,Arsenic,0
Pâtes,Contaminants inorganiques et minéraux,Arsenic,1
Riz et blé dur ou concassé,Contaminants inorganiques et minéraux,Arsenic,1
Viennoiserie,Contaminants inorganiques et minéraux,Arsenic,0
Biscuits sucrés ou salés et barres,Contaminants inorganiques et minéraux,Arsenic,0
Pâtisseries et gâteaux,Contaminants inorganiques et minéraux,Arsenic,1
Lait,Contaminants inorganiques et minéraux,Arsenic,2
Ultra-frais laitier,Contaminants inorganiques et minéraux,Arsenic,2
Fromages,Contaminants inorganiques et minéraux,Arsenic,1
Oeufs et dérivés,Contaminants inorganiques et minéraux,Arsenic,0
Beurre,Contaminants inorganiques et minéraux,Arsenic,0
Huile,Contaminants inorganiques et minéraux,Arsenic,0
Margarine,Contaminants inorganiques et minéraux,Arsenic,0
Viande,Contaminants inorganiques et minéraux,Arsenic,2
Volaille et gibier,Contaminants inorganiques et minéraux,Arsenic,1
Abats,Contaminants inorganiques et minéraux,Arsenic,0
Charcuterie,Contaminants inorganiques et minéraux,Arsenic,2
Poissons,Contaminants inorganiques et minéraux,Arsenic,30
Crustacés et mollusques,Contaminants inorganiques et minéraux,Arsenic,17
Légumes (hors pomme de terre),Contaminants inorganiques et minéraux,Arsenic,2
Pommes de terre et apparentés,Contaminants inorganiques et minéraux,Arsenic,1
Légumes secs,Contaminants inorganiques et minéraux,Arsenic,0
Fruits,Contaminants inorganiques et minéraux,Arsenic,2
Fruits secs et graines oléagineuses,Contaminants inorganiques et minéraux,Arsenic,0
Glaces et desserts glacés,Contaminants inorganiques et minéraux,Arsenic,0
Chocolat,Contaminants inorganiques et minéraux,Arsenic,1
Sucres et dérivés,Contaminants inorganiques et minéraux,Arsenic,1
Eaux,Contaminants inorganiques et minéraux,Arsenic,8
Boissons fraîches sans alcool,Contaminants inorganiques et minéraux,Arsenic,1
Boissons alcoolisées,Contaminants inorganiques et minéraux,Arsenic,2
Café,Contaminants inorganiques et minéraux,Arsenic,5
Autres boissons chaudes,Contaminants inorganiques et minéraux,Arsenic,2
"Pizzas, quiches et pâtisseries salées",Contaminants inorganiques et minéraux,Arsenic,1
"Sandwiches, casse-croûte",Contaminants inorganiques et minéraux,Arsenic,1
Soupes et bouillons,Contaminants inorganiques et minéraux,Arsenic,2
Plats composés,Contaminants inorganiques et minéraux,Arsenic,3
"Entremets, crèmes desserts et laits gélifiés",Contaminants inorganiques et minéraux,Arsenic,1
Compotes et fruits cuits,Contaminants inorganiques et minéraux,Arsenic,0
Condiments et sauces,Contaminants inorganiques et minéraux,Arsenic,1
Aliments particuliers,Contaminants inorganiques et minéraux,Arsenic,0
Pain et panification sèche,Contaminants inorganiques et minéraux,Plomb,13
Céréales pour petit déjeuner,Contaminants inorganiques et minéraux,Plomb,0
Pâtes,Contaminants inorganiques et minéraux,Plomb,1
Riz et blé dur ou concassé,Contaminants inorganiques et minéraux,Plomb,0
Viennoiserie,Contaminants inorganiques et minéraux,Plomb,1
Biscuits sucrés ou salés et barres,Contaminants inorganiques et minéraux,Plomb,1
Pâtisseries et gâteaux,Contaminants inorganiques et minéraux,Plomb,1
Lait,Contaminants inorganiques et minéraux,Plomb,4
Ultra-frais laitier,Contaminants inorganiques et minéraux,Plomb,2
Fromages,Contaminants inorganiques et minéraux,Plomb,1
Oeufs et dérivés,Contaminants inorganiques et minéraux,Plomb,0
Beurre,Contaminants inorganiques et minéraux,Plomb,1
Huile,Contaminants inorganiques et minéraux,Plomb,0
Margarine,Contaminants inorganiques et minéraux,Plomb,0
Viande,Contaminants inorganiques et minéraux,Plomb,3
Volaille et gibier,Contaminants inorganiques et minéraux,Plomb,1
Abats,Contaminants inorganiques et minéraux,Plomb,0
Charcuterie,Contaminants inorganiques et minéraux,Plomb,2
Poissons,Contaminants inorganiques et minéraux,Plomb,0
Crustacés et mollusques,Contaminants inorganiques et minéraux,Plomb,3
Légumes (hors pomme de terre),Contaminants inorganiques et minéraux,Plomb,7
Pommes de terre et apparentés,Contaminants inorganiques et minéraux,Plomb,2
Légumes secs,Contaminants inorganiques et minéraux,Plomb,1
Fruits,Contaminants inorganiques et minéraux,Plomb,4
Fruits secs et graines oléagineuses,Contaminants inorganiques et minéraux,Plomb,0
Glaces et desserts glacés,Contaminants inorganiques et minéraux,Plomb,1
Chocolat,Contaminants inorganiques et minéraux,Plomb,1
Sucres et dérivés,Contaminants inorganiques et minéraux,Plomb,1
Eaux,Contaminants inorganiques et minéraux,Plomb,11
Boissons fraîches sans alcool,Contaminants inorganiques et minéraux,Plomb,4
Boissons alcoolisées,Contaminants inorganiques et minéraux,Plomb,14
Café,Contaminants inorganiques et minéraux,Plomb,5
Autres boissons chaudes,Contaminants inorganiques et minéraux,Plomb,3
"Pizzas, quiches et pâtisseries salées",Contaminants inorganiques et minéraux,Plomb,1
"Sandwiches, casse-croûte",Contaminants inorganiques et minéraux,Plomb,1
Soupes et bouillons,Contaminants inorganiques et minéraux,Plomb,3
Plats composés,Contaminants inorganiques et minéraux,Plomb,2
"Entremets, crèmes desserts et laits gélifiés",Contaminants inorganiques et minéraux,Plomb,1
Compotes et fruits cuits,Contaminants inorganiques et minéraux,Plomb,1
Condiments et sauces,Contaminants inorganiques et minéraux,Plomb,1
Aliments particuliers,Contaminants inorganiques et minéraux,Plomb,0
Pain et panification sèche,Contaminants inorganiques et minéraux,Cadmium,22
Céréales pour petit déjeuner,Contaminants inorganiques et minéraux,Cadmium,0
Pâtes,Contaminants inorganiques et minéraux,Cadmium,6
Riz et blé dur ou concassé,Contaminants inorganiques et minéraux,Cadmium,2
Viennoiserie,Contaminants inorganiques et minéraux,Cadmium,1
Biscuits sucrés ou salés et barres,Contaminants inorganiques et minéraux,Cadmium,2
Pâtisseries et gâteaux,Contaminants inorganiques et minéraux,Cadmium,2
Lait,Contaminants inorganiques et minéraux,Cadmium,1
Ultra-frais laitier,Contaminants inorganiques et minéraux,Cadmium,1
Fromages,Contaminants inorganiques et minéraux,Cadmium,1
Oeufs et dérivés,Contaminants inorganiques et minéraux,Cadmium,0
Beurre,Contaminants inorganiques et minéraux,Cadmium,0
Huile,Contaminants inorganiques et minéraux,Cadmium,0
Margarine,Contaminants inorganiques et minéraux,Cadmium,0
Viande,Contaminants inorganiques et minéraux,Cadmium,0
Volaille et gibier,Contaminants inorganiques et minéraux,Cadmium,0
Abats,Contaminants inorganiques et minéraux,Cadmium,1
Charcuterie,Contaminants inorganiques et minéraux,Cadmium,1
Poissons,Contaminants inorganiques et minéraux,Cadmium,1
Crustacés et mollusques,Contaminants inorganiques et minéraux,Cadmium,5
Légumes (hors pomme de terre),Contaminants inorganiques et minéraux,Cadmium,10
Pommes de terre et apparentés,Contaminants inorganiques et minéraux,Cadmium,12
Légumes secs,Contaminants inorganiques et minéraux,Cadmium,1
Fruits,Contaminants inorganiques et minéraux,Cadmium,2
Fruits secs et graines oléagineuses,Contaminants inorganiques et minéraux,Cadmium,1
Glaces et desserts glacés,Contaminants inorganiques et minéraux,Cadmium,1
Chocolat,Contaminants inorganiques et minéraux,Cadmium,1
Sucres et dérivés,Contaminants inorganiques et minéraux,Cadmium,3
Eaux,Contaminants inorganiques et minéraux,Cadmium,3
Boissons fraîches sans alcool,Contaminants inorganiques et minéraux,Cadmium,1
Boissons alcoolisées,Contaminants inorganiques et minéraux,Cadmium,1
Café,Contaminants inorganiques et minéraux,Cadmium,2
Autres boissons chaudes,Contaminants inorganiques et minéraux,Cadmium,1
"Pizzas, quiches et pâtisseries salées",Contaminants inorganiques et minéraux,Cadmium,2
"Sandwiches, casse-croûte",Contaminants inorganiques et minéraux,Cadmium,1
Soupes et bouillons,Contaminants inorganiques et minéraux,Cadmium,3
Plats composés,Contaminants inorganiques et minéraux,Cadmium,5
"Entremets, crèmes desserts et laits gélifiés",Contaminants inorganiques et minéraux,Cadmium,2
Compotes et fruits cuits,Contaminants inorganiques et minéraux,Cadmium,1
Condiments et sauces,Contaminants inorganiques et minéraux,Cadmium,1
Aliments particuliers,Contaminants inorganiques et minéraux,Cadmium,0
Pain et panification sèche,Contaminants inorganiques et minéraux,Aluminium,9
Céréales pour petit déjeuner,Contaminants inorganiques et minéraux,Aluminium,0
Pâtes,Contaminants inorganiques et minéraux,Aluminium,5
Riz et blé dur ou concassé,Contaminants inorganiques et minéraux,Aluminium,0
Viennoiserie,Contaminants inorganiques et minéraux,Aluminium,1
Biscuits sucrés ou salés et barres,Contaminants inorganiques et minéraux,Aluminium,2
Pâtisseries et gâteaux,Contaminants inorganiques et minéraux,Aluminium,4
Lait,Contaminants inorganiques et minéraux,Aluminium,2
Ultra-frais laitier,Contaminants inorganiques et minéraux,Aluminium,2
Fromages,Contaminants inorganiques et minéraux,Aluminium,0
Oeufs et dérivés,Contaminants inorganiques et minéraux,Aluminium,0
Beurre,Contaminants inorganiques et minéraux,Aluminium,1
Huile,Contaminants inorganiques et minéraux,Aluminium,0
Margarine,Contaminants inorganiques et minéraux,Aluminium,0
Viande,Contaminants inorganiques et minéraux,Aluminium,1
Volaille et gibier,Contaminants inorganiques et minéraux,Aluminium,1
Abats,Contaminants inorganiques et minéraux,Aluminium,0
Charcuterie,Contaminants inorganiques et minéraux,Aluminium,2
Poissons,Contaminants inorganiques et minéraux,Aluminium,1
Crustacés et mollusques,Contaminants inorganiques et minéraux,Aluminium,3
Légumes (hors pomme de terre),Contaminants inorganiques et minéraux,Aluminium,11
Pommes de terre et apparentés,Contaminants inorganiques et minéraux,Aluminium,1
Légumes secs,Contaminants inorganiques et minéraux,Aluminium,1
Fruits,Contaminants inorganiques et minéraux,Aluminium,4
Fruits secs et graines oléagineuses,Contaminants inorganiques et minéraux,Aluminium,0
Glaces et desserts glacés,Contaminants inorganiques et minéraux,Aluminium,1
Chocolat,Contaminants inorganiques et minéraux,Aluminium,3
Sucres et dérivés,Contaminants inorganiques et minéraux,Aluminium,1
Eaux,Contaminants inorganiques et minéraux,Aluminium,5
Boissons fraîches sans alcool,Contaminants inorganiques et minéraux,Aluminium,2
Boissons alcoolisées,Contaminants inorganiques et minéraux,Aluminium,4
Café,Contaminants inorganiques et minéraux,Aluminium,3
Autres boissons chaudes,Contaminants inorganiques et minéraux,Aluminium,13
"Pizzas, quiches et pâtisseries salées",Contaminants inorganiques et minéraux,Aluminium,3
"Sandwiches, casse-croûte",Contaminants inorganiques et minéraux,Aluminium,1
Soupes et bouillons,Contaminants inorganiques et minéraux,Aluminium,3
Plats composés,Contaminants inorganiques et minéraux,Aluminium,4
"Entremets, crèmes desserts et laits gélifiés",Contaminants inorganiques et minéraux,Aluminium,3
Compotes et fruits cuits,Contaminants inorganiques et minéraux,Aluminium,1
Condiments et sauces,Contaminants inorganiques et minéraux,Aluminium,1
Aliments particuliers,Contaminants inorganiques et minéraux,Aluminium,0
Pain et panification sèche,Contaminants inorganiques et minéraux,Baryum,20
Céréales pour petit déjeuner,Contaminants inorganiques et minéraux,Baryum,3
Pâtes,Contaminants inorganiques et minéraux,Baryum,5
Riz et blé dur ou concassé,Contaminants inorganiques et minéraux,Baryum,1
Viennoiserie,Contaminants inorganiques et minéraux,Baryum,1
Biscuits sucrés ou salés et barres,Contaminants inorganiques et minéraux,Baryum,1
Pâtisseries et gâteaux,Contaminants inorganiques et minéraux,Baryum,3
Lait,Contaminants inorganiques et minéraux,Baryum,2
Ultra-frais laitier,Contaminants inorganiques et minéraux,Baryum,2
Fromages,Contaminants inorganiques et minéraux,Baryum,3
Oeufs et dérivés,Contaminants inorganiques et minéraux,Baryum,1
Beurre,Contaminants inorganiques et minéraux,Baryum,0
Huile,Contaminants inorganiques et minéraux,Baryum,0
Margarine,Contaminants inorganiques et minéraux,Baryum,0
Viande,Contaminants inorganiques et minéraux,Baryum,1
Volaille et gibier,Contaminants inorganiques et minéraux,Baryum,0
Abats,Contaminants inorganiques et minéraux,Baryum,0
Charcuterie,Contaminants inorganiques et minéraux,Baryum,0
Poissons,Contaminants inorganiques et minéraux,Baryum,0
Crustacés et mollusques,Contaminants inorganiques et minéraux,Baryum,0
Légumes (hors pomme de terre),Contaminants inorganiques et minéraux,Baryum,8
Pommes de terre et apparentés,Contaminants inorganiques et minéraux,Baryum,1
Légumes secs,Contaminants inorganiques et minéraux,Baryum,2
Fruits,Contaminants inorganiques et minéraux,Baryum,7
Fruits secs et graines oléagineuses,Contaminants inorganiques et minéraux,Baryum,1
Glaces et desserts glacés,Contaminants inorganiques et minéraux,Baryum,1
Chocolat,Contaminants inorganiques et minéraux,Baryum,2
Sucres et dérivés,Contaminants inorganiques et minéraux,Baryum,1
Eaux,Contaminants inorganiques et minéraux,Baryum,7
Boissons fraîches sans alcool,Contaminants inorganiques et minéraux,Baryum,3
Boissons alcoolisées,Contaminants inorganiques et minéraux,Baryum,3
Café,Contaminants inorganiques et minéraux,Baryum,3
Autres boissons chaudes,Contaminants inorganiques et minéraux,Baryum,2
"Pizzas, quiches et pâtisseries salées",Contaminants inorganiques et minéraux,Baryum,2
"Sandwiches, casse-croûte",Contaminants inorganiques et minéraux,Baryum,1
Soupes et bouillons,Contaminants inorganiques et minéraux,Baryum,3
Plats composés,Contaminants inorganiques et minéraux,Baryum,3
"Entremets, crèmes desserts et laits gélifiés",Contaminants inorganiques et minéraux,Baryum,2
Compotes et fruits cuits,Contaminants inorganiques et minéraux,Baryum,1
Condiments et sauces,Contaminants inorganiques et minéraux,Baryum,1
Aliments particuliers,Contaminants inorganiques et minéraux,Baryum,0
Pain et panification sèche,Contaminants inorganiques et minéraux,Etain,0
Céréales pour petit déjeuner,Contaminants inorganiques et minéraux,Etain,0
Pâtes,Contaminants inorganiques et minéraux,Etain,0
Riz et blé dur ou concassé,Contaminants inorganiques et minéraux,Etain,0
Viennoiserie,Contaminants inorganiques et minéraux,Etain,0
Biscuits sucrés ou salés et barres,Contaminants inorganiques et minéraux,Etain,0
Pâtisseries et gâteaux,Contaminants inorganiques et minéraux,Etain,1
Lait,Contaminants inorganiques et minéraux,Etain,0
Ultra-frais laitier,Contaminants inorganiques et minéraux,Etain,2
Fromages,Contaminants inorganiques et minéraux,Etain,10
Oeufs et dérivés,Contaminants inorganiques et minéraux,Etain,0
Beurre,Contaminants inorganiques et minéraux,Etain,0
Huile,Contaminants inorganiques et minéraux,Etain,0
Margarine,Contaminants inorganiques et minéraux,Etain,0
Viande,Contaminants inorganiques et minéraux,Etain,1
Volaille et gibier,Contaminants inorganiques et minéraux,Etain,0
Abats,Contaminants inorganiques et minéraux,Etain,0
Charcuterie,Contaminants inorganiques et minéraux,Etain,0
Poissons,Contaminants inorganiques et minéraux,Etain,0
Crustacés et mollusques,Contaminants inorganiques et minéraux,Etain,0
Légumes (hors pomme de terre),Contaminants inorganiques et minéraux,Etain,12
Pommes de terre et apparentés,Contaminants inorganiques et minéraux,Etain,1
Légumes secs,Contaminants inorganiques et minéraux,Etain,0
Fruits,Contaminants inorganiques et minéraux,Etain,20
Fruits secs et graines oléagineuses,Contaminants inorganiques et minéraux,Etain,0
Glaces et desserts glacés,Contaminants inorganiques et minéraux,Etain,0
Chocolat,Contaminants inorganiques et minéraux,Etain,0
Sucres et dérivés,Contaminants inorganiques et minéraux,Etain,9
Eaux,Contaminants inorganiques et minéraux,Etain,0
Boissons fraîches sans alcool,Contaminants inorganiques et minéraux,Etain,0
Boissons alcoolisées,Contaminants inorganiques et minéraux,Etain,0
Café,Contaminants inorganiques et minéraux,Etain,1
Autres boissons chaudes,Contaminants inorganiques et minéraux,Etain,0
"Pizzas, quiches et pâtisseries salées",Contaminants inorganiques et minéraux,Etain,1
"Sandwiches, casse-croûte",Contaminants inorganiques et minéraux,Etain,0
Soupes et bouillons,Contaminants inorganiques et minéraux,Etain,0
Plats composés,Contaminants inorganiques et minéraux,Etain,2
"Entremets, crèmes desserts et laits gélifiés",Contaminants inorganiques et minéraux,Etain,2
Compotes et fruits cuits,Contaminants inorganiques et minéraux,Etain,33
Condiments et sauces,Contaminants inorganiques et minéraux,Etain,2
Aliments particuliers,Contaminants inorganiques et minéraux,Etain,0
Pain et panification sèche,Contaminants inorganiques et minéraux,Strontium,5
Céréales pour petit déjeuner,Contaminants inorganiques et minéraux,Strontium,0
Pâtes,Contaminants inorganiques et minéraux,Strontium,2
Riz et blé dur ou concassé,Contaminants inorganiques et minéraux,Strontium,1
Viennoiserie,Contaminants inorganiques et minéraux,Strontium,0
Biscuits sucrés ou salés et barres,Contaminants inorganiques et minéraux,Strontium,1
Pâtisseries et gâteaux,Contaminants inorganiques et minéraux,Strontium,1
Lait,Contaminants inorganiques et minéraux,Strontium,2
Ultra-frais laitier,Contaminants inorganiques et minéraux,Strontium,2
Fromages,Contaminants inorganiques et minéraux,Strontium,3
Oeufs et dérivés,Contaminants inorganiques et minéraux,Strontium,0
Beurre,Contaminants inorganiques et minéraux,Strontium,0
Huile,Contaminants inorganiques et minéraux,Strontium,0
Margarine,Contaminants inorganiques et minéraux,Strontium,0
Viande,Contaminants inorganiques et minéraux,Strontium,0
Volaille et gibier,Contaminants inorganiques et minéraux,Strontium,0
Abats,Contaminants inorganiques et minéraux,Strontium,0
Charcuterie,Contaminants inorganiques et minéraux,Strontium,0
Poissons,Contaminants inorganiques et minéraux,Strontium,1
Crustacés et mollusques,Contaminants inorganiques et minéraux,Strontium,3
Légumes (hors pomme de terre),Contaminants inorganiques et minéraux,Strontium,9
Pommes de terre et apparentés,Contaminants inorganiques et minéraux,Strontium,1
Légumes secs,Contaminants inorganiques et minéraux,Strontium,1
Fruits,Contaminants inorganiques et minéraux,Strontium,4
Fruits secs et graines oléagineuses,Contaminants inorganiques et minéraux,Strontium,1
Glaces et desserts glacés,Contaminants inorganiques et minéraux,Strontium,1
Chocolat,Contaminants inorganiques et minéraux,Strontium,1
Sucres et dérivés,Contaminants inorganiques et minéraux,Strontium,0
Eaux,Contaminants inorganiques et minéraux,Strontium,40
Boissons fraîches sans alcool,Contaminants inorganiques et minéraux,Strontium,3
Boissons alcoolisées,Contaminants inorganiques et minéraux,Strontium,1
Café,Contaminants inorganiques et minéraux,Strontium,3
Autres boissons chaudes,Contaminants inorganiques et minéraux,Strontium,3
"Pizzas, quiches et pâtisseries salées",Contaminants inorganiques et minéraux,Strontium,1
"Sandwiches, casse-croûte",Contaminants inorganiques et minéraux,Strontium,1
Soupes et bouillons,Contaminants inorganiques et minéraux,Strontium,3
Plats composés,Contaminants inorganiques et minéraux,Strontium,3
"Entremets, crèmes desserts et laits gélifiés",Contaminants inorganiques et minéraux,Strontium,1
Compotes et fruits cuits,Contaminants inorganiques et minéraux,Strontium,0
Condiments et sauces,Contaminants inorganiques et minéraux,Strontium,1
Aliments particuliers,Contaminants inorganiques et minéraux,Strontium,0
Pain et panification sèche,Contaminants inorganiques et minéraux,Vanadium,9
Céréales pour petit déjeuner,Contaminants inorganiques et minéraux,Vanadium,0
Pâtes,Contaminants inorganiques et minéraux,Vanadium,1
Riz et blé dur ou concassé,Contaminants inorganiques et minéraux,Vanadium,1
Viennoiserie,Contaminants inorganiques et minéraux,Vanadium,1
Biscuits sucrés ou salés et barres,Contaminants inorganiques et minéraux,Vanadium,1
Pâtisseries et gâteaux,Contaminants inorganiques et minéraux,Vanadium,1
Lait,Contaminants inorganiques et minéraux,Vanadium,2
Ultra-frais laitier,Contaminants inorganiques et minéraux,Vanadium,2
Fromages,Contaminants inorganiques et minéraux,Vanadium,2
Oeufs et dérivés,Contaminants inorganiques et minéraux,Vanadium,1
Beurre,Contaminants inorganiques et minéraux,Vanadium,1
Huile,Contaminants inorganiques et minéraux,Vanadium,0
Margarine,Contaminants inorganiques et minéraux,Vanadium,0
Viande,Contaminants inorganiques et minéraux,Vanadium,1
Volaille et gibier,Contaminants inorganiques et minéraux,Vanadium,1
Abats,Contaminants inorganiques et minéraux,Vanadium,0
Charcuterie,Contaminants inorganiques et minéraux,Vanadium,3
Poissons,Contaminants inorganiques et minéraux,Vanadium,1
Crustacés et mollusques,Contaminants inorganiques et minéraux,Vanadium,1
Légumes (hors pomme de terre),Contaminants inorganiques et minéraux,Vanadium,4
Pommes de terre et apparentés,Contaminants inorganiques et minéraux,Vanadium,1
Légumes secs,Contaminants inorganiques et minéraux,Vanadium,0
Fruits,Contaminants inorganiques et minéraux,Vanadium,4
Fruits secs et graines oléagineuses,Contaminants inorganiques et minéraux,Vanadium,0
Glaces et desserts glacés,Contaminants inorganiques et minéraux,Vanadium,0
Chocolat,Contaminants inorganiques et minéraux,Vanadium,1
Sucres et dérivés,Contaminants inorganiques et minéraux,Vanadium,1
Eaux,Contaminants inorganiques et minéraux,Vanadium,20
Boissons fraîches sans alcool,Contaminants inorganiques et minéraux,Vanadium,3
Boissons alcoolisées,Contaminants inorganiques et minéraux,Vanadium,15
Café,Contaminants inorganiques et minéraux,Vanadium,6
Autres boissons chaudes,Contaminants inorganiques et minéraux,Vanadium,3
"Pizzas, quiches et pâtisseries salées",Contaminants inorganiques et minéraux,Vanadium,2
"Sandwiches, casse-croûte",Contaminants inorganiques et minéraux,Vanadium,1
Soupes et bouillons,Contaminants inorganiques et minéraux,Vanadium,3
Plats composés,Contaminants inorganiques et minéraux,Vanadium,3
"Entremets, crèmes desserts et laits gélifiés",Contaminants inorganiques et minéraux,Vanadium,1
Compotes et fruits cuits,Contaminants inorganiques et minéraux,Vanadium,0
Condiments et sauces,Contaminants inorganiques et minéraux,Vanadium,2
Aliments particuliers,Contaminants inorganiques et minéraux,Vanadium,0
Pain et panification sèche,Contaminants inorganiques et minéraux,Nickel,4
Céréales pour petit déjeuner,Contaminants inorganiques et minéraux,Nickel,0
Pâtes,Contaminants inorganiques et minéraux,Nickel,2
Riz et blé dur ou concassé,Contaminants inorganiques et minéraux,Nickel,1
Viennoiserie,Contaminants inorganiques et minéraux,Nickel,1
Biscuits sucrés ou salés et barres,Contaminants inorganiques et minéraux,Nickel,2
Pâtisseries et gâteaux,Contaminants inorganiques et minéraux,Nickel,2
Lait,Contaminants inorganiques et minéraux,Nickel,2
Ultra-frais laitier,Contaminants inorganiques et minéraux,Nickel,4
Fromages,Contaminants inorganiques et minéraux,Nickel,4
Oeufs et dérivés,Contaminants inorganiques et minéraux,Nickel,1
Beurre,Contaminants inorganiques et minéraux,Nickel,0
Huile,Contaminants inorganiques et minéraux,Nickel,0
Margarine,Contaminants inorganiques et minéraux,Nickel,0
Viande,Contaminants inorganiques et minéraux,Nickel,1
Volaille et gibier,Contaminants inorganiques et minéraux,Nickel,1
Abats,Contaminants inorganiques et minéraux,Nickel,0
Charcuterie,Contaminants inorganiques et minéraux,Nickel,1
Poissons,Contaminants inorganiques et minéraux,Nickel,0
Crustacés et mollusques,Contaminants inorganiques et minéraux,Nickel,0
Légumes (hors pomme de terre),Contaminants inorganiques et minéraux,Nickel,7
Pommes de terre et apparentés,Contaminants inorganiques et minéraux,Nickel,4
Légumes secs,Contaminants inorganiques et minéraux,Nickel,1
Fruits,Contaminants inorganiques et minéraux,Nickel,8
Fruits secs et graines oléagineuses,Contaminants inorganiques et minéraux,Nickel,2
Glaces et desserts glacés,Contaminants inorganiques et minéraux,Nickel,2
Chocolat,Contaminants inorganiques et minéraux,Nickel,5
Sucres et dérivés,Contaminants inorganiques et minéraux,Nickel,1
Eaux,Contaminants inorganiques et minéraux,Nickel,8
Boissons fraîches sans alcool,Contaminants inorganiques et minéraux,Nickel,2
Boissons alcoolisées,Contaminants inorganiques et minéraux,Nickel,8
Café,Contaminants inorganiques et minéraux,Nickel,6
Autres boissons chaudes,Contaminants inorganiques et minéraux,Nickel,4
"Pizzas, quiches et pâtisseries salées",Contaminants inorganiques et minéraux,Nickel,1
"Sandwiches, casse-croûte",Contaminants inorganiques et minéraux,Nickel,1
Soupes et bouillons,Contaminants inorganiques et minéraux,Nickel,3
Plats composés,Contaminants inorganiques et minéraux,Nickel,3
"Entremets, crèmes desserts et laits gélifiés",Contaminants inorganiques et minéraux,Nickel,4
Compotes et fruits cuits,Contaminants inorganiques et minéraux,Nickel,0
Condiments et sauces,Contaminants inorganiques et minéraux,Nickel,1
Aliments particuliers,Contaminants inorganiques et minéraux,Nickel,0
Pain et panification sèche,Contaminants inorganiques et minéraux,Cobalt,9
Céréales pour petit déjeuner,Contaminants inorganiques et minéraux,Cobalt,0
Pâtes,Contaminants inorganiques et minéraux,Cobalt,1
Riz et blé dur ou concassé,Contaminants inorganiques et minéraux,Cobalt,1
Viennoiserie,Contaminants inorganiques et minéraux,Cobalt,2
Biscuits sucrés ou salés et barres,Contaminants inorganiques et minéraux,Cobalt,2
Pâtisseries et gâteaux,Contaminants inorganiques et minéraux,Cobalt,2
Lait,Contaminants inorganiques et minéraux,Cobalt,3
Ultra-frais laitier,Contaminants inorganiques et minéraux,Cobalt,3
Fromages,Contaminants inorganiques et minéraux,Cobalt,4
Oeufs et dérivés,Contaminants inorganiques et minéraux,Cobalt,1
Beurre,Contaminants inorganiques et minéraux,Cobalt,2
Huile,Contaminants inorganiques et minéraux,Cobalt,0
Margarine,Contaminants inorganiques et minéraux,Cobalt,0
Viande,Contaminants inorganiques et minéraux,Cobalt,3
Volaille et gibier,Contaminants inorganiques et minéraux,Cobalt,1
Abats,Contaminants inorganiques et minéraux,Cobalt,1
Charcuterie,Contaminants inorganiques et minéraux,Cobalt,1
Poissons,Contaminants inorganiques et minéraux,Cobalt,1
Crustacés et mollusques,Contaminants inorganiques et minéraux,Cobalt,1
Légumes (hors pomme de terre),Contaminants inorganiques et minéraux,Cobalt,5
Pommes de terre et apparentés,Contaminants inorganiques et minéraux,Cobalt,4
Légumes secs,Contaminants inorganiques et minéraux,Cobalt,1
Fruits,Contaminants inorganiques et minéraux,Cobalt,4
Fruits secs et graines oléagineuses,Contaminants inorganiques et minéraux,Cobalt,1
Glaces et desserts glacés,Contaminants inorganiques et minéraux,Cobalt,2
Chocolat,Contaminants inorganiques et minéraux,Cobalt,6
Sucres et dérivés,Contaminants inorganiques et minéraux,Cobalt,1
Eaux,Contaminants inorganiques et minéraux,Cobalt,5
Boissons fraîches sans alcool,Contaminants inorganiques et minéraux,Cobalt,2
Boissons alcoolisées,Contaminants inorganiques et minéraux,Cobalt,6
Café,Contaminants inorganiques et minéraux,Cobalt,11
Autres boissons chaudes,Contaminants inorganiques et minéraux,Cobalt,3
"Pizzas, quiches et pâtisseries salées",Contaminants inorganiques et minéraux,Cobalt,1
"Sandwiches, casse-croûte",Contaminants inorganiques et minéraux,Cobalt,1
Soupes et bouillons,Contaminants inorganiques et minéraux,Cobalt,2
Plats composés,Contaminants inorganiques et minéraux,Cobalt,3
"Entremets, crèmes desserts et laits gélifiés",Contaminants inorganiques et minéraux,Cobalt,4
Compotes et fruits cuits,Contaminants inorganiques et minéraux,Cobalt,0
Condiments et sauces,Contaminants inorganiques et minéraux,Cobalt,1
Aliments particuliers,Contaminants inorganiques et minéraux,Cobalt,0
Pain et panification sèche,Contaminants inorganiques et minéraux,Chrome,8
Céréales pour petit déjeuner,Contaminants inorganiques et minéraux,Chrome,0
Pâtes,Contaminants inorganiques et minéraux,Chrome,4
Riz et blé dur ou concassé,Contaminants inorganiques et minéraux,Chrome,2
Viennoiserie,Contaminants inorganiques et minéraux,Chrome,1
Biscuits sucrés ou salés et barres,Contaminants inorganiques et minéraux,Chrome,1
Pâtisseries et gâteaux,Contaminants inorganiques et minéraux,Chrome,4
Lait,Contaminants inorganiques et minéraux,Chrome,4
Ultra-frais laitier,Contaminants inorganiques et minéraux,Chrome,4
Fromages,Contaminants inorganiques et minéraux,Chrome,4
Oeufs et dérivés,Contaminants inorganiques et minéraux,Chrome,1
Beurre,Contaminants inorganiques et minéraux,Chrome,3
Huile,Contaminants inorganiques et minéraux,Chrome,4
Margarine,Contaminants inorganiques et minéraux,Chrome,1
Viande,Contaminants inorganiques et minéraux,Chrome,5
Volaille et gibier,Contaminants inorganiques et minéraux,Chrome,2
Abats,Contaminants inorganiques et minéraux,Chrome,0
Charcuterie,Contaminants inorganiques et minéraux,Chrome,3
Poissons,Contaminants inorganiques et minéraux,Chrome,1
Crustacés et mollusques,Contaminants inorganiques et minéraux,Chrome,0
Légumes (hors pomme de terre),Contaminants inorganiques et minéraux,Chrome,5
Pommes de terre et apparentés,Contaminants inorganiques et minéraux,Chrome,3
Légumes secs,Contaminants inorganiques et minéraux,Chrome,0
Fruits,Contaminants inorganiques et minéraux,Chrome,5
Fruits secs et graines oléagineuses,Contaminants inorganiques et minéraux,Chrome,0
Glaces et desserts glacés,Contaminants inorganiques et minéraux,Chrome,1
Chocolat,Contaminants inorganiques et minéraux,Chrome,2
Sucres et dérivés,Contaminants inorganiques et minéraux,Chrome,2
Eaux,Contaminants inorganiques et minéraux,Chrome,4
Boissons fraîches sans alcool,Contaminants inorganiques et minéraux,Chrome,3
Boissons alcoolisées,Contaminants inorganiques et minéraux,Chrome,5
Café,Contaminants inorganiques et minéraux,Chrome,4
Autres boissons chaudes,Contaminants inorganiques et minéraux,Chrome,1
"Pizzas, quiches et pâtisseries salées",Contaminants inorganiques et minéraux,Chrome,2
"Sandwiches, casse-croûte",Contaminants inorganiques et minéraux,Chrome,1
Soupes et bouillons,Contaminants inorganiques et minéraux,Chrome,2
Plats composés,Contaminants inorganiques et minéraux,Chrome,3
"Entremets, crèmes desserts et laits gélifiés",Contaminants inorganiques et minéraux,Chrome,2
Compotes et fruits cuits,Contaminants inorganiques et minéraux,Chrome,1
Condiments et sauces,Contaminants inorganiques et minéraux,Chrome,2
Aliments particuliers,Contaminants inorganiques et minéraux,Chrome,0
Pain et panification sèche,Contaminants inorganiques et minéraux,Calcium,4
Céréales pour petit déjeuner,Contaminants inorganiques et minéraux,Calcium,0
Pâtes,Contaminants inorganiques et minéraux,Calcium,1
Riz et blé dur ou concassé,Contaminants inorganiques et minéraux,Calcium,0
Viennoiserie,Contaminants inorganiques et minéraux,Calcium,0
Biscuits sucrés ou salés et barres,Contaminants inorganiques et minéraux,Calcium,0
Pâtisseries et gâteaux,Contaminants inorganiques et minéraux,Calcium,1
Lait,Contaminants inorganiques et minéraux,Calcium,11
Ultra-frais laitier,Contaminants inorganiques et minéraux,Calcium,12
Fromages,Contaminants inorganiques et minéraux,Calcium,19
Oeufs et dérivés,Contaminants inorganiques et minéraux,Calcium,1
Beurre,Contaminants inorganiques et minéraux,Calcium,0
Huile,Contaminants inorganiques et minéraux,Calcium,0
Margarine,Contaminants inorganiques et minéraux,Calcium,0
Viande,Contaminants inorganiques et minéraux,Calcium,1
Volaille et gibier,Contaminants inorganiques et minéraux,Calcium,1
Abats,Contaminants inorganiques et minéraux,Calcium,0
Charcuterie,Contaminants inorganiques et minéraux,Calcium,0
Poissons,Contaminants inorganiques et minéraux,Calcium,0
Crustacés et mollusques,Contaminants inorganiques et minéraux,Calcium,1
Légumes (hors pomme de terre),Contaminants inorganiques et minéraux,Calcium,5
Pommes de terre et apparentés,Contaminants inorganiques et minéraux,Calcium,1
Légumes secs,Contaminants inorganiques et minéraux,Calcium,0
Fruits,Contaminants inorganiques et minéraux,Calcium,2
Fruits secs et graines oléagineuses,Contaminants inorganiques et minéraux,Calcium,0
Glaces et desserts glacés,Contaminants inorganiques et minéraux,Calcium,1
Chocolat,Contaminants inorganiques et minéraux,Calcium,1
Sucres et dérivés,Contaminants inorganiques et minéraux,Calcium,0
Eaux,Contaminants inorganiques et minéraux,Calcium,13
Boissons fraîches sans alcool,Contaminants inorganiques et minéraux,Calcium,1
Boissons alcoolisées,Contaminants inorganiques et minéraux,Calcium,2
Café,Contaminants inorganiques et minéraux,Calcium,7
Autres boissons chaudes,Contaminants inorganiques et minéraux,Calcium,4
"Pizzas, quiches et pâtisseries salées",Contaminants inorganiques et minéraux,Calcium,3
"Sandwiches, casse-croûte",Contaminants inorganiques et minéraux,Calcium,1
Soupes et bouillons,Contaminants inorganiques et minéraux,Calcium,1
Plats composés,Contaminants inorganiques et minéraux,Calcium,2
"Entremets, crèmes desserts et laits gélifiés",Contaminants inorganiques et minéraux,Calcium,2
Compotes et fruits cuits,Contaminants inorganiques et minéraux,Calcium,1
Condiments et sauces,Contaminants inorganiques et minéraux,Calcium,0
Aliments particuliers,Contaminants inorganiques et minéraux,Calcium,0
Pain et panification sèche,Contaminants inorganiques et minéraux,Manganèse,29
Céréales pour petit déjeuner,Contaminants inorganiques et minéraux,Manganèse,1
Pâtes,Contaminants inorganiques et minéraux,Manganèse,5
Riz et blé dur ou concassé,Contaminants inorganiques et minéraux,Manganèse,3
Viennoiserie,Contaminants inorganiques et minéraux,Manganèse,2
Biscuits sucrés ou salés et barres,Contaminants inorganiques et minéraux,Manganèse,2
Pâtisseries et gâteaux,Contaminants inorganiques et minéraux,Manganèse,3
Lait,Contaminants inorganiques et minéraux,Manganèse,0
Ultra-frais laitier,Contaminants inorganiques et minéraux,Manganèse,1
Fromages,Contaminants inorganiques et minéraux,Manganèse,0
Oeufs et dérivés,Contaminants inorganiques et minéraux,Manganèse,0
Beurre,Contaminants inorganiques et minéraux,Manganèse,0
Huile,Contaminants inorganiques et minéraux,Manganèse,0
Margarine,Contaminants inorganiques et minéraux,Manganèse,0
Viande,Contaminants inorganiques et minéraux,Manganèse,0
Volaille et gibier,Contaminants inorganiques et minéraux,Manganèse,0
Abats,Contaminants inorganiques et minéraux,Manganèse,0
Charcuterie,Contaminants inorganiques et minéraux,Manganèse,1
Poissons,Contaminants inorganiques et minéraux,Manganèse,0
Crustacés et mollusques,Contaminants inorganiques et minéraux,Manganèse,1
Légumes (hors pomme de terre),Contaminants inorganiques et minéraux,Manganèse,8
Pommes de terre et apparentés,Contaminants inorganiques et minéraux,Manganèse,3
Légumes secs,Contaminants inorganiques et minéraux,Manganèse,1
Fruits,Contaminants inorganiques et minéraux,Manganèse,5
Fruits secs et graines oléagineuses,Contaminants inorganiques et minéraux,Manganèse,2
Glaces et desserts glacés,Contaminants inorganiques et minéraux,Manganèse,1
Chocolat,Contaminants inorganiques et minéraux,Manganèse,2
Sucres et dérivés,Contaminants inorganiques et minéraux,Manganèse,1
Eaux,Contaminants inorganiques et minéraux,Manganèse,0
Boissons fraîches sans alcool,Contaminants inorganiques et minéraux,Manganèse,2
Boissons alcoolisées,Contaminants inorganiques et minéraux,Manganèse,5
Café,Contaminants inorganiques et minéraux,Manganèse,6
Autres boissons chaudes,Contaminants inorganiques et minéraux,Manganèse,6
"Pizzas, quiches et pâtisseries salées",Contaminants inorganiques et minéraux,Manganèse,2
"Sandwiches, casse-croûte",Contaminants inorganiques et minéraux,Manganèse,2
Soupes et bouillons,Contaminants inorganiques et minéraux,Manganèse,2
Plats composés,Contaminants inorganiques et minéraux,Manganèse,3
"Entremets, crèmes desserts et laits gélifiés",Contaminants inorganiques et minéraux,Manganèse,1
Compotes et fruits cuits,Contaminants inorganiques et minéraux,Manganèse,1
Condiments et sauces,Contaminants inorganiques et minéraux,Manganèse,1
Aliments particuliers,Contaminants inorganiques et minéraux,Manganèse,0
Pain et panification sèche,Contaminants inorganiques et minéraux,Magnésium,11
Céréales pour petit déjeuner,Contaminants inorganiques et minéraux,Magnésium,0
Pâtes,Contaminants inorganiques et minéraux,Magnésium,3
Riz et blé dur ou concassé,Contaminants inorganiques et minéraux,Magnésium,1
Viennoiserie,Contaminants inorganiques et minéraux,Magnésium,1
Biscuits sucrés ou salés et barres,Contaminants inorganiques et minéraux,Magnésium,1
Pâtisseries et gâteaux,Contaminants inorganiques et minéraux,Magnésium,2
Lait,Contaminants inorganiques et minéraux,Magnésium,3
Ultra-frais laitier,Contaminants inorganiques et minéraux,Magnésium,4
Fromages,Contaminants inorganiques et minéraux,Magnésium,3
Oeufs et dérivés,Contaminants inorganiques et minéraux,Magnésium,1
Beurre,Contaminants inorganiques et minéraux,Magnésium,0
Huile,Contaminants inorganiques et minéraux,Magnésium,0
Margarine,Contaminants inorganiques et minéraux,Magnésium,0
Viande,Contaminants inorganiques et minéraux,Magnésium,5
Volaille et gibier,Contaminants inorganiques et minéraux,Magnésium,4
Abats,Contaminants inorganiques et minéraux,Magnésium,0
Charcuterie,Contaminants inorganiques et minéraux,Magnésium,2
Poissons,Contaminants inorganiques et minéraux,Magnésium,2
Crustacés et mollusques,Contaminants inorganiques et minéraux,Magnésium,1
Légumes (hors pomme de terre),Contaminants inorganiques et minéraux,Magnésium,7
Pommes de terre et apparentés,Contaminants inorganiques et minéraux,Magnésium,4
Légumes secs,Contaminants inorganiques et minéraux,Magnésium,1
Fruits,Contaminants inorganiques et minéraux,Magnésium,5
Fruits secs et graines oléagineuses,Contaminants inorganiques et minéraux,Magnésium,1
Glaces et desserts glacés,Contaminants inorganiques et minéraux,Magnésium,1
Chocolat,Contaminants inorganiques et minéraux,Magnésium,2
Sucres et dérivés,Contaminants inorganiques et minéraux,Magnésium,0
Eaux,Contaminants inorganiques et minéraux,Magnésium,6
Boissons fraîches sans alcool,Contaminants inorganiques et minéraux,Magnésium,2
Boissons alcoolisées,Contaminants inorganiques et minéraux,Magnésium,5
Café,Contaminants inorganiques et minéraux,Magnésium,9
Autres boissons chaudes,Contaminants inorganiques et minéraux,Magnésium,2
"Pizzas, quiches et pâtisseries salées",Contaminants inorganiques et minéraux,Magnésium,2
"Sandwiches, casse-croûte",Contaminants inorganiques et minéraux,Magnésium,1
Soupes et bouillons,Contaminants inorganiques et minéraux,Magnésium,2
Plats composés,Contaminants inorganiques et minéraux,Magnésium,3
"Entremets, crèmes desserts et laits gélifiés",Contaminants inorganiques et minéraux,Magnésium,2
Compotes et fruits cuits,Contaminants inorganiques et minéraux,Magnésium,0
Condiments et sauces,Contaminants inorganiques et minéraux,Magnésium,1
Aliments particuliers,Contaminants inorganiques et minéraux,Magnésium,0
Pain et panification sèche,Contaminants inorganiques et minéraux,Cuivre,6
Céréales pour petit déjeuner,Contaminants inorganiques et minéraux,Cuivre,0
Pâtes,Contaminants inorganiques et minéraux,Cuivre,6
Riz et blé dur ou concassé,Contaminants inorganiques et minéraux,Cuivre,2
Viennoiserie,Contaminants inorganiques et minéraux,Cuivre,1
Biscuits sucrés ou salés et barres,Contaminants inorganiques et minéraux,Cuivre,1
Pâtisseries et gâteaux,Contaminants inorganiques et minéraux,Cuivre,1
Lait,Contaminants inorganiques et minéraux,Cuivre,0
Ultra-frais laitier,Contaminants inorganiques et minéraux,Cuivre,0
Fromages,Contaminants inorganiques et minéraux,Cuivre,1
Oeufs et dérivés,Contaminants inorganiques et minéraux,Cuivre,1
Beurre,Contaminants inorganiques et minéraux,Cuivre,0
Huile,Contaminants inorganiques et minéraux,Cuivre,0
Margarine,Contaminants inorganiques et minéraux,Cuivre,0
Viande,Contaminants inorganiques et minéraux,Cuivre,2
Volaille et gibier,Contaminants inorganiques et minéraux,Cuivre,1
Abats,Contaminants inorganiques et minéraux,Cuivre,8
Charcuterie,Contaminants inorganiques et minéraux,Cuivre,2
Poissons,Contaminants inorganiques et minéraux,Cuivre,0
Crustacés et mollusques,Contaminants inorganiques et minéraux,Cuivre,1
Légumes (hors pomme de terre),Contaminants inorganiques et minéraux,Cuivre,4
Pommes de terre et apparentés,Contaminants inorganiques et minéraux,Cuivre,3
Légumes secs,Contaminants inorganiques et minéraux,Cuivre,1
Fruits,Contaminants inorganiques et minéraux,Cuivre,4
Fruits secs et graines oléagineuses,Contaminants inorganiques et minéraux,Cuivre,1
Glaces et desserts glacés,Contaminants inorganiques et minéraux,Cuivre,1
Chocolat,Contaminants inorganiques et minéraux,Cuivre,2
Sucres et dérivés,Contaminants inorganiques et minéraux,Cuivre,0
Eaux,Contaminants inorganiques et minéraux,Cuivre,4
Boissons fraîches sans alcool,Contaminants inorganiques et minéraux,Cuivre,1
Boissons alcoolisées,Contaminants inorganiques et minéraux,Cuivre,1
Café,Contaminants inorganiques et minéraux,Cuivre,36
Autres boissons chaudes,Contaminants inorganiques et minéraux,Cuivre,3
"Pizzas, quiches et pâtisseries salées",Contaminants inorganiques et minéraux,Cuivre,1
"Sandwiches, casse-croûte",Contaminants inorganiques et minéraux,Cuivre,1
Soupes et bouillons,Contaminants inorganiques et minéraux,Cuivre,2
Plats composés,Contaminants inorganiques et minéraux,Cuivre,2
"Entremets, crèmes desserts et laits gélifiés",Contaminants inorganiques et minéraux,Cuivre,1
Compotes et fruits cuits,Contaminants inorganiques et minéraux,Cuivre,0
Condiments et sauces,Contaminants inorganiques et minéraux,Cuivre,0
Aliments particuliers,Contaminants inorganiques et minéraux,Cuivre,0
Pain et panification sèche,Contaminants inorganiques et minéraux,Zinc,8
Céréales pour petit déjeuner,Contaminants inorganiques et minéraux,Zinc,0
Pâtes,Contaminants inorganiques et minéraux,Zinc,2
Riz et blé dur ou concassé,Contaminants inorganiques et minéraux,Zinc,1
Viennoiserie,Contaminants inorganiques et minéraux,Zinc,1
Biscuits sucrés ou salés et barres,Contaminants inorganiques et minéraux,Zinc,1
Pâtisseries et gâteaux,Contaminants inorganiques et minéraux,Zinc,1
Lait,Contaminants inorganiques et minéraux,Zinc,4
Ultra-frais laitier,Contaminants inorganiques et minéraux,Zinc,4
Fromages,Contaminants inorganiques et minéraux,Zinc,7
Oeufs et dérivés,Contaminants inorganiques et minéraux,Zinc,2
Beurre,Contaminants inorganiques et minéraux,Zinc,0
Huile,Contaminants inorganiques et minéraux,Zinc,0
Margarine,Contaminants inorganiques et minéraux,Zinc,0
Viande,Contaminants inorganiques et minéraux,Zinc,25
Volaille et gibier,Contaminants inorganiques et minéraux,Zinc,5
Abats,Contaminants inorganiques et minéraux,Zinc,1
Charcuterie,Contaminants inorganiques et minéraux,Zinc,8
Poissons,Contaminants inorganiques et minéraux,Zinc,1
Crustacés et mollusques,Contaminants inorganiques et minéraux,Zinc,2
Légumes (hors pomme de terre),Contaminants inorganiques et minéraux,Zinc,3
Pommes de terre et apparentés,Contaminants inorganiques et minéraux,Zinc,2
Légumes secs,Contaminants inorganiques et minéraux,Zinc,1
Fruits,Contaminants inorganiques et minéraux,Zinc,1
Fruits secs et graines oléagineuses,Contaminants inorganiques et minéraux,Zinc,1
Glaces et desserts glacés,Contaminants inorganiques et minéraux,Zinc,0
Chocolat,Contaminants inorganiques et minéraux,Zinc,1
Sucres et dérivés,Contaminants inorganiques et minéraux,Zinc,0
Eaux,Contaminants inorganiques et minéraux,Zinc,1
Boissons fraîches sans alcool,Contaminants inorganiques et minéraux,Zinc,0
Boissons alcoolisées,Contaminants inorganiques et minéraux,Zinc,2
Café,Contaminants inorganiques et minéraux,Zinc,1
Autres boissons chaudes,Contaminants inorganiques et minéraux,Zinc,1
"Pizzas, quiches et pâtisseries salées",Contaminants inorganiques et minéraux,Zinc,2
"Sandwiches, casse-croûte",Contaminants inorganiques et minéraux,Zinc,3
Soupes et bouillons,Contaminants inorganiques et minéraux,Zinc,1
Plats composés,Contaminants inorganiques et minéraux,Zinc,6
"Entremets, crèmes desserts et laits gélifiés",Contaminants inorganiques et minéraux,Zinc,1
Compotes et fruits cuits,Contaminants inorganiques et minéraux,Zinc,0
Condiments et sauces,Contaminants inorganiques et minéraux,Zinc,0
Aliments particuliers,Contaminants inorganiques et minéraux,Zinc,0
Pain et panification sèche,Contaminants inorganiques et minéraux,Lithium,2
Céréales pour petit déjeuner,Contaminants inorganiques et minéraux,Lithium,0
Pâtes,Contaminants inorganiques et minéraux,Lithium,3
Riz et blé dur ou concassé,Contaminants inorganiques et minéraux,Lithium,2
Viennoiserie,Contaminants inorganiques et minéraux,Lithium,0
Biscuits sucrés ou salés et barres,Contaminants inorganiques et minéraux,Lithium,0
Pâtisseries et gâteaux,Contaminants inorganiques et minéraux,Lithium,1
Lait,Contaminants inorganiques et minéraux,Lithium,1
Ultra-frais laitier,Contaminants inorganiques et minéraux,Lithium,1
Fromages,Contaminants inorganiques et minéraux,Lithium,0
Oeufs et dérivés,Contaminants inorganiques et minéraux,Lithium,0
Beurre,Contaminants inorganiques et minéraux,Lithium,0
Huile,Contaminants inorganiques et minéraux,Lithium,0
Margarine,Contaminants inorganiques et minéraux,Lithium,0
Viande,Contaminants inorganiques et minéraux,Lithium,0
Volaille et gibier,Contaminants inorganiques et minéraux,Lithium,0
Abats,Contaminants inorganiques et minéraux,Lithium,0
Charcuterie,Contaminants inorganiques et minéraux,Lithium,0
Poissons,Contaminants inorganiques et minéraux,Lithium,0
Crustacés et mollusques,Contaminants inorganiques et minéraux,Lithium,0
Légumes (hors pomme de terre),Contaminants inorganiques et minéraux,Lithium,5
Pommes de terre et apparentés,Contaminants inorganiques et minéraux,Lithium,2
Légumes secs,Contaminants inorganiques et minéraux,Lithium,1
Fruits,Contaminants inorganiques et minéraux,Lithium,2
Fruits secs et graines oléagineuses,Contaminants inorganiques et minéraux,Lithium,0
Glaces et desserts glacés,Contaminants inorganiques et minéraux,Lithium,0
Chocolat,Contaminants inorganiques et minéraux,Lithium,0
Sucres et dérivés,Contaminants inorganiques et minéraux,Lithium,0
Eaux,Contaminants inorganiques et minéraux,Lithium,35
Boissons fraîches sans alcool,Contaminants inorganiques et minéraux,Lithium,2
Boissons alcoolisées,Contaminants inorganiques et minéraux,Lithium,2
Café,Contaminants inorganiques et minéraux,Lithium,17
Autres boissons chaudes,Contaminants inorganiques et minéraux,Lithium,14
"Pizzas, quiches et pâtisseries salées",Contaminants inorganiques et minéraux,Lithium,1
"Sandwiches, casse-croûte",Contaminants inorganiques et minéraux,Lithium,0
Soupes et bouillons,Contaminants inorganiques et minéraux,Lithium,5
Plats composés,Contaminants inorganiques et minéraux,Lithium,2
"Entremets, crèmes desserts et laits gélifiés",Contaminants inorganiques et minéraux,Lithium,0
Compotes et fruits cuits,Contaminants inorganiques et minéraux,Lithium,0
Condiments et sauces,Contaminants inorganiques et minéraux,Lithium,0
Aliments particuliers,Contaminants inorganiques et minéraux,Lithium,0
Pain et panification sèche,Contaminants inorganiques et minéraux,Sodium,30
Céréales pour petit déjeuner,Contaminants inorganiques et minéraux,Sodium,0
Pâtes,Contaminants inorganiques et minéraux,Sodium,3
Riz et blé dur ou concassé,Contaminants inorganiques et minéraux,Sodium,1
Viennoiserie,Contaminants inorganiques et minéraux,Sodium,2
Biscuits sucrés ou salés et barres,Contaminants inorganiques et minéraux,Sodium,1
Pâtisseries et gâteaux,Contaminants inorganiques et minéraux,Sodium,3
Lait,Contaminants inorganiques et minéraux,Sodium,1
Ultra-frais laitier,Contaminants inorganiques et minéraux,Sodium,1
Fromages,Contaminants inorganiques et minéraux,Sodium,6
Oeufs et dérivés,Contaminants inorganiques et minéraux,Sodium,1
Beurre,Contaminants inorganiques et minéraux,Sodium,1
Huile,Contaminants inorganiques et minéraux,Sodium,0
Margarine,Contaminants inorganiques et minéraux,Sodium,0
Viande,Contaminants inorganiques et minéraux,Sodium,1
Volaille et gibier,Contaminants inorganiques et minéraux,Sodium,1
Abats,Contaminants inorganiques et minéraux,Sodium,0
Charcuterie,Contaminants inorganiques et minéraux,Sodium,11
Poissons,Contaminants inorganiques et minéraux,Sodium,1
Crustacés et mollusques,Contaminants inorganiques et minéraux,Sodium,1
Légumes (hors pomme de terre),Contaminants inorganiques et minéraux,Sodium,3
Pommes de terre et apparentés,Contaminants inorganiques et minéraux,Sodium,2
Légumes secs,Contaminants inorganiques et minéraux,Sodium,0
Fruits,Contaminants inorganiques et minéraux,Sodium,0
Fruits secs et graines oléagineuses,Contaminants inorganiques et minéraux,Sodium,0
Glaces et desserts glacés,Contaminants inorganiques et minéraux,Sodium,0
Chocolat,Contaminants inorganiques et minéraux,Sodium,0
Sucres et dérivés,Contaminants inorganiques et minéraux,Sodium,0
Eaux,Contaminants inorganiques et minéraux,Sodium,1
Boissons fraîches sans alcool,Contaminants inorganiques et minéraux,Sodium,0
Boissons alcoolisées,Contaminants inorganiques et minéraux,Sodium,0
Café,Contaminants inorganiques et minéraux,Sodium,0
Autres boissons chaudes,Contaminants inorganiques et minéraux,Sodium,0
"Pizzas, quiches et pâtisseries salées",Contaminants inorganiques et minéraux,Sodium,4
"Sandwiches, casse-croûte",Contaminants inorganiques et minéraux,Sodium,3
Soupes et bouillons,Contaminants inorganiques et minéraux,Sodium,6
Plats composés,Contaminants inorganiques et minéraux,Sodium,5
"Entremets, crèmes desserts et laits gélifiés",Contaminants inorganiques et minéraux,Sodium,1
Compotes et fruits cuits,Contaminants inorganiques et minéraux,Sodium,0
Condiments et sauces,Contaminants inorganiques et minéraux,Sodium,6
Aliments particuliers,Contaminants inorganiques et minéraux,Sodium,0
Pain et panification sèche,Contaminants inorganiques et minéraux,Molybdène,16
Céréales pour petit déjeuner,Contaminants inorganiques et minéraux,Molybdène,0
Pâtes,Contaminants inorganiques et minéraux,Molybdène,4
Riz et blé dur ou concassé,Contaminants inorganiques et minéraux,Molybdène,3
Viennoiserie,Contaminants inorganiques et minéraux,Molybdène,1
Biscuits sucrés ou salés et barres,Contaminants inorganiques et minéraux,Molybdène,1
Pâtisseries et gâteaux,Contaminants inorganiques et minéraux,Molybdène,2
Lait,Contaminants inorganiques et minéraux,Molybdène,4
Ultra-frais laitier,Contaminants inorganiques et minéraux,Molybdène,4
Fromages,Contaminants inorganiques et minéraux,Molybdène,2
Oeufs et dérivés,Contaminants inorganiques et minéraux,Molybdène,1
Beurre,Contaminants inorganiques et minéraux,Molybdène,0
Huile,Contaminants inorganiques et minéraux,Molybdène,0
Margarine,Contaminants inorganiques et minéraux,Molybdène,0
Viande,Contaminants inorganiques et minéraux,Molybdène,1
Volaille et gibier,Contaminants inorganiques et minéraux,Molybdène,1
Abats,Contaminants inorganiques et minéraux,Molybdène,1
Charcuterie,Contaminants inorganiques et minéraux,Molybdène,2
Poissons,Contaminants inorganiques et minéraux,Molybdène,0
Crustacés et mollusques,Contaminants inorganiques et minéraux,Molybdène,1
Légumes (hors pomme de terre),Contaminants inorganiques et minéraux,Molybdène,9
Pommes de terre et apparentés,Contaminants inorganiques et minéraux,Molybdène,3
Légumes secs,Contaminants inorganiques et minéraux,Molybdène,7
Fruits,Contaminants inorganiques et minéraux,Molybdène,6
Fruits secs et graines oléagineuses,Contaminants inorganiques et minéraux,Molybdène,2
Glaces et desserts glacés,Contaminants inorganiques et minéraux,Molybdène,1
Chocolat,Contaminants inorganiques et minéraux,Molybdène,1
Sucres et dérivés,Contaminants inorganiques et minéraux,Molybdène,1
Eaux,Contaminants inorganiques et minéraux,Molybdène,2
Boissons fraîches sans alcool,Contaminants inorganiques et minéraux,Molybdène,1
Boissons alcoolisées,Contaminants inorganiques et minéraux,Molybdène,4
Café,Contaminants inorganiques et minéraux,Molybdène,1
Autres boissons chaudes,Contaminants inorganiques et minéraux,Molybdène,1
"Pizzas, quiches et pâtisseries salées",Contaminants inorganiques et minéraux,Molybdène,2
"Sandwiches, casse-croûte",Contaminants inorganiques et minéraux,Molybdène,1
Soupes et bouillons,Contaminants inorganiques et minéraux,Molybdène,2
Plats composés,Contaminants inorganiques et minéraux,Molybdène,5
"Entremets, crèmes desserts et laits gélifiés",Contaminants inorganiques et minéraux,Molybdène,1
Compotes et fruits cuits,Contaminants inorganiques et minéraux,Molybdène,1
Condiments et sauces,Contaminants inorganiques et minéraux,Molybdène,0
Aliments particuliers,Contaminants inorganiques et minéraux,Molybdène,0
Pain et panification sèche,Contaminants inorganiques et minéraux,Sélénium,4
Céréales pour petit déjeuner,Contaminants inorganiques et minéraux,Sélénium,0
Pâtes,Contaminants inorganiques et minéraux,Sélénium,2
Riz et blé dur ou concassé,Contaminants inorganiques et minéraux,Sélénium,1
Viennoiserie,Contaminants inorganiques et minéraux,Sélénium,0
Biscuits sucrés ou salés et barres,Contaminants inorganiques et minéraux,Sélénium,0
Pâtisseries et gâteaux,Contaminants inorganiques et minéraux,Sélénium,1
Lait,Contaminants inorganiques et minéraux,Sélénium,3
Ultra-frais laitier,Contaminants inorganiques et minéraux,Sélénium,3
Fromages,Contaminants inorganiques et minéraux,Sélénium,1
Oeufs et dérivés,Contaminants inorganiques et minéraux,Sélénium,1
Beurre,Contaminants inorganiques et minéraux,Sélénium,1
Huile,Contaminants inorganiques et minéraux,Sélénium,0
Margarine,Contaminants inorganiques et minéraux,Sélénium,0
Viande,Contaminants inorganiques et minéraux,Sélénium,2
Volaille et gibier,Contaminants inorganiques et minéraux,Sélénium,2
Abats,Contaminants inorganiques et minéraux,Sélénium,1
Charcuterie,Contaminants inorganiques et minéraux,Sélénium,1
Poissons,Contaminants inorganiques et minéraux,Sélénium,3
Crustacés et mollusques,Contaminants inorganiques et minéraux,Sélénium,1
Légumes (hors pomme de terre),Contaminants inorganiques et minéraux,Sélénium,4
Pommes de terre et apparentés,Contaminants inorganiques et minéraux,Sélénium,2
Légumes secs,Contaminants inorganiques et minéraux,Sélénium,0
Fruits,Contaminants inorganiques et minéraux,Sélénium,5
Fruits secs et graines oléagineuses,Contaminants inorganiques et minéraux,Sélénium,0
Glaces et desserts glacés,Contaminants inorganiques et minéraux,Sélénium,0
Chocolat,Contaminants inorganiques et minéraux,Sélénium,0
Sucres et dérivés,Contaminants inorganiques et minéraux,Sélénium,1
Eaux,Contaminants inorganiques et minéraux,Sélénium,27
Boissons fraîches sans alcool,Contaminants inorganiques et minéraux,Sélénium,4
Boissons alcoolisées,Contaminants inorganiques et minéraux,Sélénium,6
Café,Contaminants inorganiques et minéraux,Sélénium,9
Autres boissons chaudes,Contaminants inorganiques et minéraux,Sélénium,5
"Pizzas, quiches et pâtisseries salées",Contaminants inorganiques et minéraux,Sélénium,1
"Sandwiches, casse-croûte",Contaminants inorganiques et minéraux,Sélénium,1
Soupes et bouillons,Contaminants inorganiques et minéraux,Sélénium,3
Plats composés,Contaminants inorganiques et minéraux,Sélénium,1
"Entremets, crèmes desserts et laits gélifiés",Contaminants inorganiques et minéraux,Sélénium,1
Compotes et fruits cuits,Contaminants inorganiques et minéraux,Sélénium,1
Condiments et sauces,Contaminants inorganiques et minéraux,Sélénium,0
Aliments particuliers,Contaminants inorganiques et minéraux,Sélénium,0
Pain et panification sèche,Contaminants inorganiques et minéraux,Potassium,8
Céréales pour petit déjeuner,Contaminants inorganiques et minéraux,Potassium,0
Pâtes,Contaminants inorganiques et minéraux,Potassium,1
Riz et blé dur ou concassé,Contaminants inorganiques et minéraux,Potassium,0
Viennoiserie,Contaminants inorganiques et minéraux,Potassium,1
Biscuits sucrés ou salés et barres,Contaminants inorganiques et minéraux,Potassium,1
Pâtisseries et gâteaux,Contaminants inorganiques et minéraux,Potassium,2
Lait,Contaminants inorganiques et minéraux,Potassium,5
Ultra-frais laitier,Contaminants inorganiques et minéraux,Potassium,5
Fromages,Contaminants inorganiques et minéraux,Potassium,1
Oeufs et dérivés,Contaminants inorganiques et minéraux,Potassium,1
Beurre,Contaminants inorganiques et minéraux,Potassium,0
Huile,Contaminants inorganiques et minéraux,Potassium,0
Margarine,Contaminants inorganiques et minéraux,Potassium,0
Viande,Contaminants inorganiques et minéraux,Potassium,6
Volaille et gibier,Contaminants inorganiques et minéraux,Potassium,4
Abats,Contaminants inorganiques et minéraux,Potassium,0
Charcuterie,Contaminants inorganiques et minéraux,Potassium,4
Poissons,Contaminants inorganiques et minéraux,Potassium,1
Crustacés et mollusques,Contaminants inorganiques et minéraux,Potassium,0
Légumes (hors pomme de terre),Contaminants inorganiques et minéraux,Potassium,10
Pommes de terre et apparentés,Contaminants inorganiques et minéraux,Potassium,8
Légumes secs,Contaminants inorganiques et minéraux,Potassium,0
Fruits,Contaminants inorganiques et minéraux,Potassium,9
Fruits secs et graines oléagineuses,Contaminants inorganiques et minéraux,Potassium,1
Glaces et desserts glacés,Contaminants inorganiques et minéraux,Potassium,1
Chocolat,Contaminants inorganiques et minéraux,Potassium,1
Sucres et dérivés,Contaminants inorganiques et minéraux,Potassium,0
Eaux,Contaminants inorganiques et minéraux,Potassium,0
Boissons fraîches sans alcool,Contaminants inorganiques et minéraux,Potassium,3
Boissons alcoolisées,Contaminants inorganiques et minéraux,Potassium,4
Café,Contaminants inorganiques et minéraux,Potassium,9
Autres boissons chaudes,Contaminants inorganiques et minéraux,Potassium,1
"Pizzas, quiches et pâtisseries salées",Contaminants inorganiques et minéraux,Potassium,1
"Sandwiches, casse-croûte",Contaminants inorganiques et minéraux,Potassium,1
Soupes et bouillons,Contaminants inorganiques et minéraux,Potassium,4
Plats composés,Contaminants inorganiques et minéraux,Potassium,3
"Entremets, crèmes desserts et laits gélifiés",Contaminants inorganiques et minéraux,Potassium,2
Compotes et fruits cuits,Contaminants inorganiques et minéraux,Potassium,1
Condiments et sauces,Contaminants inorganiques et minéraux,Potassium,1
Aliments particuliers,Contaminants inorganiques et minéraux,Potassium,0
Pain et panification sèche,Contaminants inorganiques et minéraux,Fer,16
Céréales pour petit déjeuner,Contaminants inorganiques et minéraux,Fer,1
Pâtes,Contaminants inorganiques et minéraux,Fer,3
Riz et blé dur ou concassé,Contaminants inorganiques et minéraux,Fer,1
Viennoiserie,Contaminants inorganiques et minéraux,Fer,2
Biscuits sucrés ou salés et barres,Contaminants inorganiques et minéraux,Fer,2
Pâtisseries et gâteaux,Contaminants inorganiques et minéraux,Fer,4
Lait,Contaminants inorganiques et minéraux,Fer,0
Ultra-frais laitier,Contaminants inorganiques et minéraux,Fer,1
Fromages,Contaminants inorganiques et minéraux,Fer,0
Oeufs et dérivés,Contaminants inorganiques et minéraux,Fer,3
Beurre,Contaminants inorganiques et minéraux,Fer,0
Huile,Contaminants inorganiques et minéraux,Fer,0
Margarine,Contaminants inorganiques et minéraux,Fer,0
Viande,Contaminants inorganiques et minéraux,Fer,10
Volaille et gibier,Contaminants inorganiques et minéraux,Fer,3
Abats,Contaminants inorganiques et minéraux,Fer,1
Charcuterie,Contaminants inorganiques et minéraux,Fer,5
Poissons,Contaminants inorganiques et minéraux,Fer,1
Crustacés et mollusques,Contaminants inorganiques et minéraux,Fer,1
Légumes (hors pomme de terre),Contaminants inorganiques et minéraux,Fer,7
Pommes de terre et apparentés,Contaminants inorganiques et minéraux,Fer,3
Légumes secs,Contaminants inorganiques et minéraux,Fer,1
Fruits,Contaminants inorganiques et minéraux,Fer,2
Fruits secs et graines oléagineuses,Contaminants inorganiques et minéraux,Fer,1
Glaces et desserts glacés,Contaminants inorganiques et minéraux,Fer,4
Chocolat,Contaminants inorganiques et minéraux,Fer,5
Sucres et dérivés,Contaminants inorganiques et minéraux,Fer,0
Eaux,Contaminants inorganiques et minéraux,Fer,0
Boissons fraîches sans alcool,Contaminants inorganiques et minéraux,Fer,1
Boissons alcoolisées,Contaminants inorganiques et minéraux,Fer,4
Café,Contaminants inorganiques et minéraux,Fer,1
Autres boissons chaudes,Contaminants inorganiques et minéraux,Fer,1
"Pizzas, quiches et pâtisseries salées",Contaminants inorganiques et minéraux,Fer,2
"Sandwiches, casse-croûte",Contaminants inorganiques et minéraux,Fer,2
Soupes et bouillons,Contaminants inorganiques et minéraux,Fer,2
Plats composés,Contaminants inorganiques et minéraux,Fer,5
"Entremets, crèmes desserts et laits gélifiés",Contaminants inorganiques et minéraux,Fer,3
Compotes et fruits cuits,Contaminants inorganiques et minéraux,Fer,0
Condiments et sauces,Contaminants inorganiques et minéraux,Fer,1
Aliments particuliers,Contaminants inorganiques et minéraux,Fer,0